--
-- fmockup - Data Manipulation Language file
--
-- Date	   : 2023-10-01
-- Author  : Hirotoshi FUJIBE
-- History :
--
-- Copyright (c) 2023 Hirotoshi FUJIBE
--

-- M_USER_LIST

DELETE FROM FMOCKUP.M_USER_LIST;
INSERT INTO FMOCKUP.M_USER_LIST
	( USER_ID, USER_NAME, PASSWORD_AES, REMARK, ROLE_F, USER_LOCKED_F, FAILED_COUNT, LAST_LOGIN_DATE, LAST_CHANGE_PASSWORD_DATE, ADD_USER_DATE, MODIFY_USER_DATE, CREATE_DATE, UPDATE_DATE, DELETED_F )
	VALUES
		( '2023-01-01T00:00:00.000000', 'root', HEX(AES_ENCRYPT('Asdf1234', 'Asdf1234Asdf1234')), 'Administrator', 'A', 'Y', 0, '2023-01-01 00:00:01', '1970-01-01 00:00:00', '2023-01-01 00:00:00', '2023-01-01 00:00:00', '2023-01-01T00:00:00.000000', '2023-01-01T00:00:01.000000', 'N' ),
		( '2023-01-01T00:00:00.000001', 'power-user', HEX(AES_ENCRYPT('Asdf1234', 'Asdf1234Asdf1234')), 'Power User (for Full Transactions Access)', 'U', 'Y', 0, '2023-01-01 00:00:01', '1970-01-01 00:00:00', '2023-01-01 00:00:00', '2023-01-01 00:00:00', '2023-01-01T00:00:00.000000', '2023-01-01T00:00:01.000000', 'N' );

-- M_ROLE_LIST

DELETE FROM FMOCKUP.M_ROLE_LIST;
INSERT INTO FMOCKUP.M_ROLE_LIST
	( ROLE_ID, ROLE_NAME, REMARK, ROLE_F, ADD_ROLE_DATE, MODIFY_ROLE_DATE, CREATE_DATE, UPDATE_DATE, DELETED_F )
	VALUES
		( '2023-01-01T00:00:00.000000', 'administrator-role', 'Administrator Role', 'A', '2023-01-01 00:00:00',  '2023-01-01 00:00:00',  '2023-01-01T00:00:00.000000',  '2023-01-01T00:00:00.000000', 'N'),
		( '2023-01-01T00:00:00.000001', 'power-role', 'Power Role (for Full Transactions Access)', 'U', '2023-01-01 00:00:00',  '2023-01-01 00:00:00',  '2023-01-01T00:00:00.000000',  '2023-01-01T00:00:00.000000', 'N');

-- M_USER_ROLE_LIST

DELETE FROM FMOCKUP.M_USER_ROLE_LIST;
INSERT INTO FMOCKUP.M_USER_ROLE_LIST
	( USER_ID, ROLE_ID, CREATE_DATE, UPDATE_DATE, DELETED_F )
	VALUES
		( '2023-01-01T00:00:00.000000', '2023-01-01T00:00:00.000000', '2023-01-01T00:00:00.000000', '2023-01-01T00:00:00.000000', 'N' ),
		( '2023-01-01T00:00:00.000001', '2023-01-01T00:00:00.000001', '2023-01-01T00:00:00.000000', '2023-01-01T00:00:00.000000', 'N' );

-- M_ROLE_TRAN_LIST

DELETE FROM FMOCKUP.M_ROLE_TRAN_LIST;
INSERT INTO FMOCKUP.M_ROLE_TRAN_LIST
	( ROLE_ID, TRAN_ID, CREATE_DATE, UPDATE_DATE, DELETED_F )
	VALUES
		( '2023-01-01T00:00:00.000000', '2023-01-01T00:00:00.000701', '2023-01-01T00:00:00.000000', '2023-01-01T00:00:00.000000', 'N'),
		( '2023-01-01T00:00:00.000000', '2023-01-01T00:00:00.000702', '2023-01-01T00:00:00.000000', '2023-01-01T00:00:00.000000', 'N'),
		( '2023-01-01T00:00:00.000000', '2023-01-01T00:00:00.000703', '2023-01-01T00:00:00.000000', '2023-01-01T00:00:00.000000', 'N'),
		( '2023-01-01T00:00:00.000000', '2023-01-01T00:00:00.000801', '2023-01-01T00:00:00.000000', '2023-01-01T00:00:00.000000', 'N'),
		( '2023-01-01T00:00:00.000000', '2023-01-01T00:00:00.000802', '2023-01-01T00:00:00.000000', '2023-01-01T00:00:00.000000', 'N'),
		( '2023-01-01T00:00:00.000001', '2023-01-01T00:00:00.000701', '2023-01-01T00:00:00.000000', '2023-01-01T00:00:00.000000', 'N'),
		( '2023-01-01T00:00:00.000001', '2023-01-01T00:00:00.000702', '2023-01-01T00:00:00.000000', '2023-01-01T00:00:00.000000', 'N'),
		( '2023-01-01T00:00:00.000001', '2023-01-01T00:00:00.000703', '2023-01-01T00:00:00.000000', '2023-01-01T00:00:00.000000', 'N');

-- S_TRAN_LIST

DELETE FROM FMOCKUP.S_TRAN_LIST;
INSERT INTO FMOCKUP.S_TRAN_LIST
	( TRAN_ID, TRAN_NAME, ROLE_F, DELETED_F )
	VALUES
		( '2023-01-01T00:00:00.000701', 'Xxxx', 'U', 'N' ),
		( '2023-01-01T00:00:00.000702', 'Yyyy', 'U', 'N' ),
		( '2023-01-01T00:00:00.000703', 'Zzzz', 'U', 'N' ),
		( '2023-01-01T00:00:00.000801', 'User', 'S', 'N' ),
		( '2023-01-01T00:00:00.000802', 'Role', 'S', 'N' );

-- S_MENU_LIST

DELETE FROM FMOCKUP.S_MENU_LIST;
INSERT INTO FMOCKUP.S_MENU_LIST
	( MENU_ID, MENU_NAME, TRAN_ID, DISP_ORDER, ICON_NAME, LINK_NAME, DELETED_F )
	VALUES
		( '2023-01-01T00:00:00.000100', 'Home', '2023-01-01T00:00:00.000100', 100, 'mdi-home', '/pages/home.html', 'N' ),
		( '2023-01-01T00:00:00.000701', 'Xxxx', '2023-01-01T00:00:00.000701', 701, 'mdi-table', '/pages/xxxx_list.html', 'N' ),
		( '2023-01-01T00:00:00.000702', 'Yyyy', '2023-01-01T00:00:00.000702', 702, 'mdi-table', '/pages/yyyy_list.html', 'N' ),
		( '2023-01-01T00:00:00.000703', 'Zzzz', '2023-01-01T00:00:00.000703', 703, 'mdi-table', '/pages/zzzz_list.html', 'N' ),
		( '2023-01-01T00:00:00.000801', 'User / Role', '2023-01-01T00:00:00.000801', 800, 'mdi-cog-outline', '/pages/user_list.html', 'N' );

-- S_TRAN_TITLE_LIST

DELETE FROM FMOCKUP.S_TRAN_TITLE_LIST;
INSERT INTO FMOCKUP.S_TRAN_TITLE_LIST
	( TRAN_ID, LANG_ID, TRAN_TITLE )
	VALUES
		( '2023-01-01T00:00:00.000100', 'en', 'Home' ),
		( '2023-01-01T00:00:00.000100', 'ja', 'ホーム' ),
		( '2023-01-01T00:00:00.000100', 'zh-CN', '主页' ),
		( '2023-01-01T00:00:00.000701', 'en', 'Xxxx' ),
		( '2023-01-01T00:00:00.000701', 'ja', 'ＸＸＸＸ' ),
		( '2023-01-01T00:00:00.000701', 'zh-CN', 'ＸＸＸＸ' ),
		( '2023-01-01T00:00:00.000702', 'en', 'Yyyy' ),
		( '2023-01-01T00:00:00.000702', 'ja', 'ＹＹＹＹ' ),
		( '2023-01-01T00:00:00.000702', 'zh-CN', 'ＹＹＹＹ' ),
		( '2023-01-01T00:00:00.000703', 'en', 'Zzzz' ),
		( '2023-01-01T00:00:00.000703', 'ja', 'ＺＺＺＺ' ),
		( '2023-01-01T00:00:00.000703', 'zh-CN', 'ＺＺＺＺ' ),
		( '2023-01-01T00:00:00.000801', 'en', 'User / Role' ),
		( '2023-01-01T00:00:00.000801', 'ja', 'ユーザー・ロール' ),
		( '2023-01-01T00:00:00.000801', 'zh-CN', '用户・角色' );

-- T_XXXX_LIST

DELETE FROM FMOCKUP.T_XXXX_LIST;

-- T_YYYY_LIST

DELETE FROM FMOCKUP.T_YYYY_LIST;

-- T_ZZZZ_LIST

DELETE FROM FMOCKUP.T_ZZZZ_LIST;

-- Generate current datetime string rule
--   DATE_FORMAT(CURRENT_TIMESTAMP(6), '%Y-%m-%d_%T.%f')	micro seconds id
--   DATE_FORMAT(CURRENT_TIMESTAMP, '%Y-%m-%d %T')			seconds
